name, email, phone
Norberto Watsica, johnny.hammes@yahoo.com, (804) 624-6634
Frances Nolan, danial.corkery@yahoo.com, (412) 496-2997
Elda Farrell DDS, burl.ankunding@hotmail.com, (730) 217-6778
Charlie Veum, scarlett.dicki@gmail.com, (730) 644-8688
Donnie Mohr, lara.thiel@hotmail.com, (505) 639-1695
Chang Ebert, delmar.dubuque@yahoo.com, (631) 606-6165
Austin Dickinson, nicholas.stehr@yahoo.com, (352) 502-4669
Eura Frami, sid.homenick@yahoo.com, (305) 200-5695
Donald Ondricka Sr., vicenta.jenkins@hotmail.com, (305) 251-6871
Rosy Halvorson, ismael.leffler@hotmail.com, (505) 619-9825
Sammie Murray, vito.yost@hotmail.com, (769) 308-8461
Ismael Spinka, celina.blanda@yahoo.com, (505) 644-7342
Matt Wintheiser, cherise.fay@yahoo.com, (505) 609-0258
Andre Kertzmann, christopher.beier@yahoo.com, (730) 684-5255
Avis Littel, yun.schultz@hotmail.com, (505) 927-2389
Rossana Hirthe, seth.gibson@hotmail.com, (730) 212-1028
Alberto Quigley, stefany.hand@hotmail.com, (505) 630-4969
Gaylord Nolan V, juli.christiansen@yahoo.com, (305) 203-1896
Elton Bauch DDS, zella.nolan@hotmail.com, (505) 861-7458
Earl O'Conner, nathan.yundt@hotmail.com, (323) 237-4483
Lawrence Morissette, kori.corwin@hotmail.com, (730) 203-9359
Rosendo Ferry, sonny.parker@gmail.com, (505) 843-3395
Abram Jakubowski, sharonda.wiza@yahoo.com, (505) 600-9017
Marg Gislason, stevie.gottlieb@hotmail.com, (505) 627-1293
Mr. Doug Labadie, naomi.frami@yahoo.com, (305) 208-7902
Gabrielle Nicolas, yuette.fritsch@yahoo.com, (472) 203-2773
Vance Trantow, coleen.quigley@gmail.com, (385) 686-4040
Miss Maria Hodkiewicz, carolyn.lesch@yahoo.com, (843) 464-6237
Charleen Emard, lashawn.hegmann@hotmail.com, (941) 969-4670
Eduardo Pagac, reyna.block@yahoo.com, (730) 614-2437
Tricia Brown, torri.funk@hotmail.com, (472) 472-6443
Stephan Fritsch, elvis.turcotte@yahoo.com, (505) 663-5494
Faustino Keeling, duane.buckridge@hotmail.com, (907) 320-5906
Lonny Fisher, karl.erdman@hotmail.com, (505) 662-4321
Brain Cummerata, melissa.wyman@hotmail.com, (210) 637-7880
Emma Harvey, stanton.streich@gmail.com, (305) 231-0548
Vincent Jakubowski IV, ernestine.murphy@hotmail.com, (730) 239-5926
Miss Odette King, dian.kihn@hotmail.com, (730) 632-7183
Mr. Gilberte Kuhic, muoi.nader@gmail.com, (951) 786-6593
Columbus Jacobi DVM, maxima.mante@hotmail.com, (730) 215-2805
Man Frami, scottie.weimann@yahoo.com, (305) 298-3836
Julia Ryan, ardelle.witting@hotmail.com, (730) 200-9020
Miss Alina Hansen, graig.olson@yahoo.com, (660) 865-5498
Wilbur Huel IV, sharice.heaney@hotmail.com, (305) 201-8740
Penelope Legros, ronald.quitzon@hotmail.com, (505) 418-7740
Dr. Keenan Bailey, edgardo.robel@gmail.com, (978) 513-9688
Macie Rau, shakia.rau@yahoo.com, (730) 233-5742
Juli Greenfelder IV, sammie.emmerich@gmail.com, (505) 633-5571
Angelita Crona, siu.green@yahoo.com, (472) 479-0711
Buster Jaskolski Sr., darin.fahey@gmail.com, (678) 506-1876
Scotty Gislason II, ernie.goldner@yahoo.com, (305) 271-8965
Mr. Catherin Howe, daryl.jenkins@hotmail.com, (505) 662-1546
Elijah Conn, hana.bergnaum@gmail.com, (505) 927-0001
Dusti O'Kon Sr., desmond.lind@hotmail.com, (305) 828-4262
Nick Quitzon I, shirlee.herman@hotmail.com, (838) 313-9633
Dorothy Purdy DDS, pamala.wisoky@yahoo.com, (305) 390-0699
Santana Cassin Jr., floyd.stroman@yahoo.com, (361) 420-9278
Ms. Anderson Mills, moriah.tillman@yahoo.com, (562) 533-8027
Mrs. Thomasine Schultz, adelina.kuphal@hotmail.com, (730) 202-8171
Michele Hauck, erwin.schinner@gmail.com, (912) 963-7333
Lorretta Hand, rickie.konopelski@hotmail.com, (775) 488-4582
Shayne Kemmer, kia.weissnat@hotmail.com, (472) 422-1017
Melany Hintz, arthur.borer@gmail.com, (730) 684-0498
Treena Cormier Jr., dianne.dooley@gmail.com, (256) 694-2596
Nisha Kutch, rea.considine@gmail.com, (505) 612-7104
Willard Doyle III, wendie.abbott@hotmail.com, (305) 212-8676
Nicholas Jakubowski, arie.jenkins@gmail.com, (505) 653-4388
Zina Wuckert, rocky.stehr@yahoo.com, (305) 325-5463
Mr. Robt Hickle, rosanna.jenkins@gmail.com, (305) 643-2943
Jamar Bogisich, robby.kuhn@hotmail.com, (730) 243-9827
Mrs. Greg Fay, lorrine.wilderman@gmail.com, (769) 975-1927
Jacques Johnson, dorie.gislason@hotmail.com, (730) 649-0702
Mariko Wisoky, eugene.pfeffer@hotmail.com, (505) 451-2856
Tatyana Jakubowski, ivelisse.hegmann@hotmail.com, (305) 857-7594
Kurt Block I, joan.johnston@yahoo.com, (505) 678-9862
Dr. Kizzy Carroll, randolph.fay@yahoo.com, (730) 231-1998
Piper Gibson II, cecily.spinka@hotmail.com, (505) 644-2694
Earl Pacocha, elodia.hintz@hotmail.com, (730) 207-1330
Miss Onie Auer, mellie.hagenes@yahoo.com, (305) 528-4937
Mr. Flor Wilkinson, mack.west@gmail.com, (786) 441-9794
Shu Gorczany, joseph.mosciski@gmail.com, (472) 267-4671
Stacey Quitzon, tabatha.johnston@gmail.com, (730) 609-0781
Laquita Boehm, rachelle.mohr@gmail.com, (505) 698-5418
Luana Cartwright Jr., horace.sanford@gmail.com, (307) 954-2830
Adrian Durgan, vern.bashirian@gmail.com, (472) 298-8875
Charlena Ledner, rudy.frami@yahoo.com, (505) 899-8933
Romana Cruickshank DVM, zina.parker@gmail.com, (730) 214-0268
Dr. Myron Swaniawski, brandon.luettgen@hotmail.com, (706) 962-2292
Kirby Lebsack, danille.walsh@hotmail.com, (567) 348-1873
Mrs. Karey Reichel, roderick.wilderman@yahoo.com, (534) 981-1069
Miss Harvey Morissette, vincenzo.schultz@yahoo.com, (737) 229-8747
Angele Treutel PhD, suzi.funk@yahoo.com, (937) 595-9466
Sterling King, lelia.klein@hotmail.com, (478) 624-0005
Mrs. Gus Keebler, gilbert.frami@hotmail.com, (505) 638-5486
Royal Will, janise.hahn@hotmail.com, (730) 630-6921
Brittany Rath, chester.bashirian@yahoo.com, (305) 585-2936
Salvador Stracke, nida.terry@yahoo.com, (505) 630-0247
Jamie Dare, alvin.hagenes@hotmail.com, (730) 665-1252
Arlen Schumm, macy.johns@gmail.com, (305) 856-5261
Lorita Gorczany, cesar.anderson@gmail.com, (505) 663-3175
Janita Haley, ha.russel@hotmail.com, (305) 206-0768
Robby Aufderhar, karine.kemmer@hotmail.com, (730) 661-6584
Cherly Schmitt, shirley.veum@hotmail.com, (730) 211-2068
Krista Kuvalis, eliseo.ratke@gmail.com, (305) 416-9226
Dane Murphy, julianne.spencer@gmail.com, (505) 648-3642
Dan Hintz, morgan.boyle@hotmail.com, (520) 379-4039
Dusty Stracke, bronwyn.jaskolski@hotmail.com, (472) 469-2422
Romeo Moen, amina.barton@yahoo.com, (813) 356-1261
Doris Bayer Sr., leoma.schmeler@yahoo.com, (730) 221-6757
Mrs. Betty O'Connell, von.will@hotmail.com, (305) 671-3648
Birdie Runolfsdottir, darell.harber@yahoo.com, (983) 973-0397
Valery Bode, foster.blick@gmail.com, (305) 634-3522
Ms. Brant Predovic, titus.grimes@hotmail.com, (983) 466-7904
Cherri Donnelly, meri.swaniawski@gmail.com, (315) 297-6446
Angella Morar, lachelle.beahan@hotmail.com, (730) 201-9464
Dr. Golda Lehner, ambrose.glover@yahoo.com, (616) 848-4716
Lavada Abbott, genaro.dicki@yahoo.com, (774) 838-1380
Vannessa Toy, marg.auer@gmail.com, (983) 964-5037
Dana Labadie, chanelle.wolf@yahoo.com, (347) 843-4698
Reggie Bosco, nicolette.towne@hotmail.com, (505) 669-2698
Herta Wunsch, marcel.fay@hotmail.com, (305) 204-4638
Joya Wuckert DVM, rupert.simonis@hotmail.com, (469) 377-8504
Omer Feil, waltraud.bayer@hotmail.com, (929) 825-8622
Karleen Moore, nereida.homenick@gmail.com, (928) 325-4786
Dr. Branden Hintz, sherise.kuhn@yahoo.com, (530) 685-1484
Kiana Hayes, vilma.bogisich@yahoo.com, (985) 986-5985
Yun Wolf, winston.bergstrom@hotmail.com, (472) 275-1561
Lucie Weissnat Jr., amberly.cassin@yahoo.com, (719) 795-0997
Clyde Hill, avis.raynor@yahoo.com, (505) 509-2838
Tawana Swaniawski, meredith.friesen@hotmail.com, (305) 214-3164
Ms. Glenn Fisher, glenna.torp@hotmail.com, (305) 482-0912
Winford Wisozk, tracey.rohan@gmail.com, (730) 218-3279
Clement Waelchi Jr., joseph.ebert@hotmail.com, (730) 230-7282
Paul Torphy, frances.kirlin@yahoo.com, (505) 697-8536
Terrell Purdy I, jamison.terry@yahoo.com, (730) 203-4987
Donetta Hettinger, kory.cummerata@gmail.com, (983) 994-7030
Verna Howe V, cuc.reichel@gmail.com, (636) 977-6565
Kamala Moore, ranae.wiza@gmail.com, (305) 202-1153
Matilde Ernser DVM, charlie.koss@gmail.com, (983) 773-4716
Robert Schroeder II, letitia.luettgen@hotmail.com, (472) 418-0993
Marion Bogisich, giovanni.welch@gmail.com, (689) 342-1916
Ms. Rocco Cormier, vaughn.zulauf@hotmail.com, (645) 399-8460
Jermaine Schuster, neida.towne@hotmail.com, (847) 911-7199
Emelina Gerlach, alden.weimann@yahoo.com, (505) 784-9468
Emmett Dickens, zada.glover@yahoo.com, (845) 498-9580
Ms. Eliana Murphy, leanora.jerde@hotmail.com, (730) 200-4363
Sherry Rempel PhD, delaine.lehner@hotmail.com, (730) 204-4680
Maxima Johns, ricky.gutmann@gmail.com, (534) 444-0656
Woodrow Hane, devin.smitham@gmail.com, (415) 923-4886
Nery Haley, cortez.parker@hotmail.com, (505) 648-3038
Sanford Powlowski PhD, altagracia.mccullough@gmail.com, (730) 233-5252
Erinn Hettinger, lucrecia.nikolaus@hotmail.com, (730) 244-6748
Zenia West, mitch.muller@hotmail.com, (432) 756-1082
Maggie Mann IV, alberto.wisozk@gmail.com, (305) 205-9747
Damian Gorczany, raquel.gaylord@gmail.com, (505) 692-8656
Jesus O'Reilly Sr., georgina.goldner@hotmail.com, (254) 825-3968
Theo Baumbach, tyson.bailey@hotmail.com, (505) 623-0027
Numbers Hackett, jovan.hodkiewicz@gmail.com, (505) 618-9111
Wade Skiles, alvin.donnelly@hotmail.com, (669) 621-1711
Newton Cronin, liana.runolfsdottir@gmail.com, (730) 667-6418
Tillie Kilback II, cassondra.bins@yahoo.com, (730) 226-1462
Gonzalo Stoltenberg, lance.shanahan@yahoo.com, (472) 494-2455
Mia Torphy DDS, jeffery.hagenes@yahoo.com, (472) 287-7316
Treena Wisoky I, kori.rowe@gmail.com, (472) 478-8171
Armanda Moen Jr., sang.wuckert@yahoo.com, (730) 208-7029
Roberto Bosco, marlana.harvey@gmail.com, (983) 294-9518
Grant Weimann, hong.little@hotmail.com, (828) 448-6658
Wayne Dicki MD, evelina.friesen@yahoo.com, (305) 300-7343
Nicky Lueilwitz, cleotilde.willms@gmail.com, (430) 525-4822
Horace Ernser, gilberto.connelly@yahoo.com, (305) 539-2960
Casey Paucek, albina.breitenberg@hotmail.com, (906) 662-5428
France O'Hara III, heriberto.volkman@yahoo.com, (305) 200-6237
Gabriel Jerde, tony.kshlerin@gmail.com, (305) 276-7735
Carl Prosacco, brenton.hills@yahoo.com, (716) 959-3687
Mrs. Dell Leannon, france.green@yahoo.com, (505) 464-3597
Stacee Keebler DVM, rosendo.mann@gmail.com, (719) 843-8162
Benedict Haag, beatris.murray@gmail.com, (314) 404-4306
Dr. Les Reichert, shaquana.moore@gmail.com, (472) 260-3250
Cristopher Sanford II, sterling.bode@gmail.com, (983) 898-2272
Stacy Lindgren, jimmie.adams@gmail.com, (305) 451-5062
Wilford Cruickshank, roxane.roob@yahoo.com, (983) 773-6274
Julee Schiller, miriam.dickens@yahoo.com, (769) 433-7625
Mr. Giovanni Daniel, byron.lindgren@gmail.com, (305) 502-0883
Michale Daugherty, kam.franecki@gmail.com, (730) 219-4611
Jackie Morar DVM, evonne.yost@yahoo.com, (737) 971-3573
Ms. Corine Funk, wilson.feil@hotmail.com, (305) 244-9671
Hayden Grady, neville.cremin@hotmail.com, (505) 322-7999
Miss Shanice Graham, benny.price@hotmail.com, (606) 910-0324
Ms. Delisa Lynch, lanie.schmeler@gmail.com, (983) 923-9265
Noel Klein, loma.gerhold@yahoo.com, (730) 224-9771
Kisha Wiegand, brittani.hill@gmail.com, (828) 595-7330
Perry Dickinson, twyla.reinger@gmail.com, (305) 391-6730
Santa Jacobi, nelly.hessel@gmail.com, (472) 434-6643
Jamel Bednar, jena.collier@hotmail.com, (305) 578-8000
Val Davis, perry.mann@hotmail.com, (305) 202-6682
Grant Hauck, milan.rutherford@gmail.com, (730) 208-0507
Robby Casper, jerald.paucek@yahoo.com, (505) 664-2727
See Harvey, tyree.kling@hotmail.com, (725) 212-8459
Irene Emmerich, eula.mckenzie@hotmail.com, (602) 225-3445
Earnest Romaguera PhD, fred.cremin@yahoo.com, (669) 220-1773
Beth Bosco, cathi.bernhard@yahoo.com, (540) 830-9798
Kendall Terry, cedric.tromp@yahoo.com, (689) 615-2079
Mr. Mel Shanahan, eilene.mills@hotmail.com, (305) 207-7805
Mohamed Lebsack, allen.heller@gmail.com, (505) 501-8127
Tisa Moen, wilbert.lindgren@gmail.com, (505) 445-3477
Lillie Metz, russell.stracke@yahoo.com, (734) 302-1172
Dianna Trantow, malik.rippin@yahoo.com, (645) 361-9251
Divina Kemmer, otelia.schowalter@yahoo.com, (730) 211-1442
Isadora Beer, paulita.hayes@yahoo.com, (505) 214-1110
Dewitt Carroll, lenny.frami@gmail.com, (480) 977-5768
Marcelo Breitenberg, christian.hill@yahoo.com, (305) 205-3903
Juan Koch, daniell.conn@yahoo.com, (730) 243-5272
Christian Stark, glenn.powlowski@hotmail.com, (305) 239-5673
Lawrence Walker, tisha.hackett@gmail.com, (305) 210-5531
Ms. Kara Spencer, rolando.sporer@gmail.com, (983) 499-8218
Mrs. Josiah Bayer, gail.kunze@yahoo.com, (929) 415-5973
Ms. Florinda Kuhn, ryan.auer@yahoo.com, (305) 216-4410
Raymonde Simonis, loraine.weimann@yahoo.com, (730) 615-5884
Layla Kshlerin DVM, mitsue.mitchell@hotmail.com, (640) 474-1978
Jeromy Lakin, marylee.roob@gmail.com, (983) 812-6597
Eliana Shields, indira.runolfsson@yahoo.com, (305) 256-4136
Wilson Donnelly, lakisha.west@gmail.com, (360) 899-5457
Margene Waelchi, cedrick.gutkowski@hotmail.com, (229) 555-5304
Erasmo Fay Jr., terrence.moen@hotmail.com, (567) 598-3050
Mr. Olinda Toy, reinaldo.schaefer@hotmail.com, (983) 202-4193
Bill Braun, merle.kiehn@gmail.com, (983) 902-9908
Kirstin Rutherford DVM, angel.braun@gmail.com, (472) 473-8851
Loni Nolan, felipa.marks@gmail.com, (754) 807-5225
Lance Mayert, joesph.kub@yahoo.com, (305) 288-3094
Ms. Vernon Metz, josh.howell@yahoo.com, (689) 963-6474
Mervin Krajcik IV, mariano.rowe@gmail.com, (472) 427-7497
Ezekiel Feil, edelmira.bradtke@gmail.com, (989) 671-7129
Tania Schulist, katlyn.feeney@gmail.com, (305) 639-1756
Manuel Christiansen, damion.bechtelar@gmail.com, (505) 631-3474
Mrs. Tessie Jenkins, faye.gerlach@hotmail.com, (505) 658-9545
Cordell Dietrich, erika.morissette@hotmail.com, (730) 238-7671
Norah Medhurst, ramon.kunze@yahoo.com, (810) 493-0653
Justin Crona, robbie.auer@yahoo.com, (305) 262-5489
Yuki Dickinson V, ollie.nader@yahoo.com, (347) 389-7870
Tyrell McLaughlin, jason.hegmann@yahoo.com, (730) 241-2996
Kayleigh Muller, hugh.schroeder@gmail.com, (520) 648-7174
Carolynn Hand, luigi.bartoletti@gmail.com, (816) 376-7085
Ma Fisher, crysta.lindgren@yahoo.com, (305) 652-1109
Jamel Lueilwitz, leo.harris@hotmail.com, (472) 281-9995
Hye Lockman, stephaine.schroeder@yahoo.com, (730) 628-7411
Carmelo Littel, alexis.boehm@hotmail.com, (615) 565-6479
Rico Doyle, justin.schamberger@gmail.com, (472) 481-7884
Isaac Becker, mckinley.metz@gmail.com, (505) 648-3048
Magdalene Jakubowski, maritza.stracke@gmail.com, (983) 908-4881
Linnie Purdy, patricia.beer@yahoo.com, (505) 666-5826
Vince Gottlieb, mitsue.zieme@gmail.com, (505) 626-9516
Mr. Wes Kohler, reda.grady@hotmail.com, (678) 774-0035
Dr. Maryjo Bogisich, miles.stamm@hotmail.com, (505) 651-0090
Miss Mark Berge, darlena.hirthe@yahoo.com, (251) 484-7354
Denice Rutherford IV, taryn.kassulke@gmail.com, (442) 733-7029
Fredrick Jones, camie.friesen@hotmail.com, (730) 226-8771
Dave Schuster, archie.medhurst@hotmail.com, (659) 444-6165
Royal Treutel DDS, silas.larson@gmail.com, (580) 359-7303
Dominick Klein, kandice.leannon@hotmail.com, (505) 648-7424
Miss Elenora Kulas, nidia.lebsack@hotmail.com, (928) 544-5789
Ms. Graig Murazik, hayden.wolff@gmail.com, (305) 203-1602
Anibal McKenzie, frankie.schinner@hotmail.com, (730) 641-5167
Ema Orn Jr., marshall.pollich@yahoo.com, (678) 638-1444
Kasha White DVM, joseph.sporer@hotmail.com, (730) 688-1682
Loris Barrows, jann.hudson@yahoo.com, (505) 648-6485
Brock Zboncak, maynard.renner@gmail.com, (472) 231-2879
Lupe Maggio, dennis.schimmel@yahoo.com, (730) 221-8432
Terence Schaden, loyce.dicki@hotmail.com, (505) 644-4135
Angel Lakin V, merlyn.sporer@yahoo.com, (938) 249-9662
Merle Morissette, bo.williamson@hotmail.com, (858) 239-9256
Tashia Johnston DDS, laverne.sawayn@yahoo.com, (505) 644-9407
Karl Bahringer, kerry.heathcote@gmail.com, (730) 225-8616
Kristie Stehr PhD, chong.hauck@yahoo.com, (730) 212-2283
Jame Beier, donnie.deckow@gmail.com, (983) 425-8700
Rufus Homenick, kecia.bahringer@hotmail.com, (484) 355-5778
Dr. Burl Jakubowski, norman.watsica@gmail.com, (913) 596-9721
Jamey Rutherford, emmanuel.blick@hotmail.com, (305) 200-6854
Wiley O'Kon, vergie.krajcik@hotmail.com, (505) 400-2077
Perla Tremblay I, adolfo.oconnell@yahoo.com, (826) 973-2174
Ms. Jon Altenwerth, darrin.rohan@gmail.com, (305) 583-6803
Lewis Lakin DVM, lenny.west@hotmail.com, (730) 207-6871
Hong Huels, viviana.parisian@hotmail.com, (730) 617-7746
Dr. Jewell Wehner, chester.kub@yahoo.com, (406) 254-0719
Robby Rodriguez, mike.daniel@yahoo.com, (678) 333-7369
Miss Kendrick Watsica, byron.reinger@gmail.com, (505) 648-5142
Eusebio Jast, nelson.wilkinson@gmail.com, (557) 406-4514
Emma Spencer III, anthony.daniel@hotmail.com, (730) 212-4694
Ms. Cammy Hodkiewicz, georgeanna.dickens@gmail.com, (305) 413-8503
Dale Renner, santiago.reinger@gmail.com, (305) 205-5950
Ms. Allan Ratke, eden.mann@gmail.com, (305) 254-0475
Ms. Laurene Homenick, karena.ratke@yahoo.com, (505) 655-1084
Eduardo Kreiger DDS, heriberto.bartell@yahoo.com, (983) 357-8536
Chet Von, tisa.hartmann@yahoo.com, (520) 486-0748
Lucien Ebert, bernard.langworth@yahoo.com, (983) 221-0415
Bennett Simonis V, scott.kulas@yahoo.com, (740) 990-5249
Douglas Rau, talia.robel@gmail.com, (730) 633-6082
Dr. Benjamin Homenick, tammera.goldner@yahoo.com, (472) 279-7854
Kacie Schmidt, carroll.hettinger@gmail.com, (959) 217-5393
Mrs. Rocky Kling, greg.aufderhar@yahoo.com, (505) 714-5688
Clarence Effertz, annemarie.runte@yahoo.com, (305) 823-4095
Libbie Farrell, mose.runolfsdottir@yahoo.com, (730) 204-5021
Chuck Thompson, mauro.abshire@yahoo.com, (730) 625-8190
Jung Rohan, freeman.cruickshank@gmail.com, (505) 689-9171
Karl Stracke, shirley.fahey@hotmail.com, (743) 762-9309
Karin Heaney, fernando.okuneva@yahoo.com, (352) 921-0751
Denny Kub, hosea.doyle@hotmail.com, (730) 656-3113
Jerald Breitenberg, kandy.sporer@gmail.com, (551) 777-2511
Dr. Miles Casper, jimmie.feil@yahoo.com, (505) 648-9158
Joesph Nitzsche MD, hung.kovacek@gmail.com, (472) 424-1798
Tova Leannon, dane.mcclure@hotmail.com, (305) 207-9000
Sheldon Hessel V, harrison.huels@hotmail.com, (505) 601-8814
Shirley MacGyver, elton.kuphal@gmail.com, (329) 718-8548
Lazaro Bechtelar, delilah.hoeger@hotmail.com, (605) 957-1402
Booker Fay, tyron.friesen@gmail.com, (730) 686-4701
Bobbie Von, majorie.lowe@hotmail.com, (472) 255-9796
Kerry Gorczany, otis.cummerata@gmail.com, (505) 648-3662
Jonah Adams, shane.padberg@hotmail.com, (240) 719-1152
Ms. Clemmie Christiansen, nelson.mclaughlin@hotmail.com, (730) 241-0571
Miss Paz Hayes, susan.gleichner@yahoo.com, (308) 671-6454
Tommy Marquardt, hermila.parisian@yahoo.com, (305) 734-4894
Elliot Borer PhD, marlena.bode@yahoo.com, (363) 261-4317
Dick Nader DDS, man.volkman@gmail.com, (347) 325-9372
Odell Nikolaus Sr., dennis.leannon@hotmail.com, (347) 350-9525
Arnold Bernier, aldo.harber@gmail.com, (305) 203-0509
Lonnie Bailey, bette.walter@yahoo.com, (730) 215-4678
Suzanne Strosin, theressa.nader@hotmail.com, (305) 240-0865
Mrs. Mario Braun, verdell.jacobi@hotmail.com, (505) 646-7074
Willard Waters, johnson.goodwin@gmail.com, (730) 687-6840
Dr. Lasonya Anderson, theron.rogahn@yahoo.com, (732) 815-2810
Ken Gutmann, raphael.frami@hotmail.com, (472) 423-5420
Francina Kohler, myles.graham@hotmail.com, (730) 217-0131
Otha Schinner, jerrold.larkin@gmail.com, (725) 330-9407
Reid Bednar, lesli.schroeder@yahoo.com, (730) 224-4511
Miss Joaquin Trantow, theo.welch@gmail.com, (505) 648-7554
Dr. Carri Koss, felicitas.altenwerth@gmail.com, (730) 644-9646
Garry Luettgen, rocky.ohara@gmail.com, (730) 211-2156
Owen Schowalter, edwin.kunde@yahoo.com, (472) 207-5315
Jae Kutch, tanner.kirlin@gmail.com, (730) 608-3596
Emery Steuber, candice.robel@gmail.com, (305) 200-9714
Morris Franecki, kristi.ernser@gmail.com, (319) 511-7744
Holli Green, mitchel.cummerata@hotmail.com, (730) 617-1444
Cory Dibbert V, otha.oconner@hotmail.com, (305) 471-3329
Thersa Barrows, nevada.mante@gmail.com, (305) 286-1245
Tiffaney Vandervort, twila.pacocha@yahoo.com, (762) 936-8934
Tenesha Smitham, morton.koepp@yahoo.com, (305) 201-5135
Tomas Medhurst DVM, carlton.kub@hotmail.com, (651) 943-4668
Karrie Nikolaus V, despina.bahringer@gmail.com, (505) 630-9185
Rebbecca Ondricka, blair.roob@hotmail.com, (612) 652-0011
Dierdre Heathcote, dave.kris@hotmail.com, (332) 394-5728
Shellie Mayert, tanner.kreiger@yahoo.com, (557) 207-2233
Cori Goodwin, mohammad.luettgen@gmail.com, (325) 527-8611
Vincenza Bechtelar, lona.kuhlman@hotmail.com, (505) 272-7408
Sung Dach, kent.schimmel@hotmail.com, (472) 239-4316
Emilio Carter, bryant.dicki@hotmail.com, (983) 845-5576
Tillie Hand PhD, dewitt.boyer@gmail.com, (505) 905-8880
Les Marks, arlean.oreilly@yahoo.com, (305) 208-6615
Andreas Crooks, denis.west@yahoo.com, (559) 600-0197
Yuri Pouros, ronni.ohara@gmail.com, (730) 238-9670
Collene Lind, marna.moen@yahoo.com, (606) 203-1788
Brenton Bechtelar, stanford.grimes@hotmail.com, (505) 966-0299
Tilda Kuhlman DVM, shameka.ritchie@hotmail.com, (472) 402-2411
Duane Fritsch, joanne.hauck@gmail.com, (983) 847-1415
Madelene Lemke Sr., willodean.bauch@gmail.com, (730) 690-8691
Eliza Hoeger, jaquelyn.vonrueden@yahoo.com, (505) 696-5368
Ana Connelly, sheldon.franecki@gmail.com, (626) 845-1613
Miss Vena Nolan, rudolf.hauck@hotmail.com, (983) 904-1446
Mr. Viva Murazik, josue.rowe@yahoo.com, (505) 648-7838
Amee Streich PhD, lecia.weissnat@yahoo.com, (472) 217-5930
Lorenzo Nikolaus, adria.boehm@yahoo.com, (730) 237-7941
Aracely Morar II, logan.ratke@gmail.com, (771) 402-3408
Lucienne Roberts, regena.turner@gmail.com, (730) 628-9834
Lyda Rath, jonathon.osinski@gmail.com, (730) 217-4584
Renaldo Feil, cliff.hand@gmail.com, (364) 781-6834
Kelley Rogahn, timothy.baumbach@gmail.com, (718) 780-3567
Tameika Runolfsdottir, isela.homenick@hotmail.com, (472) 205-0503
Rubye Funk, loise.raynor@gmail.com, (463) 545-7635
Tyron Ratke PhD, rod.jerde@yahoo.com, (830) 620-6930
Hassan Greenfelder PhD, orval.morar@yahoo.com, (730) 213-2230
Tad Macejkovic, dale.haley@yahoo.com, (983) 792-5158
Cedric Lesch, vita.kshlerin@yahoo.com, (730) 230-2526
Ezequiel Parisian, wilburn.frami@gmail.com, (931) 238-7895
Ms. Carylon Davis, aleta.padberg@gmail.com, (505) 200-0009
Jayson Larson, andy.zieme@hotmail.com, (505) 697-5379
Eldon Orn Sr., raelene.kub@gmail.com, (505) 519-8222
Kera Parisian Sr., dwayne.langworth@yahoo.com, (505) 329-1617
Adolph Pacocha, willie.cormier@gmail.com, (305) 313-0960
Joel Cronin, nicky.weber@hotmail.com, (305) 206-0004
Carylon Quigley III, keli.schmeler@yahoo.com, (928) 362-1924
Augusta Kirlin, madelaine.casper@gmail.com, (305) 487-1246
Rosie Mills I, tom.collier@yahoo.com, (730) 225-3764
Mr. Marlon Bailey, milan.fritsch@gmail.com, (983) 259-5566
Taylor Schinner, timothy.ebert@yahoo.com, (248) 779-0175
Hank Huel, zetta.conroy@hotmail.com, (929) 606-3870
Mrs. Seymour Christiansen, priscilla.okeefe@gmail.com, (730) 650-8362
Tom Beer, abel.metz@hotmail.com, (920) 971-3900
Mr. Aleida Hill, marybeth.halvorson@hotmail.com, (505) 619-5057
Mr. Van Skiles, roderick.mraz@yahoo.com, (305) 202-7175
Dr. Joya Rau, rosalee.harber@yahoo.com, (903) 742-2095
Donovan Jacobs, melvin.kilback@hotmail.com, (472) 245-0499
Marcel Auer, julieta.koelpin@hotmail.com, (260) 487-9086
Ivonne Rippin, tana.wyman@hotmail.com, (326) 678-9414
Marcela Mitchell, lesha.barton@gmail.com, (472) 417-9506
Dorla Quitzon, domingo.wolff@yahoo.com, (305) 289-1145
Desmond Kozey, elois.kozey@yahoo.com, (206) 836-1514
Miss Robby Terry, alexa.price@yahoo.com, (305) 288-0001
Adella Lowe III, bill.flatley@yahoo.com, (936) 898-2519
Damien Jast, hosea.jacobson@hotmail.com, (505) 683-8109
Brandee Reinger, leon.cole@yahoo.com, (730) 631-2118
Evelina Cartwright DVM, garrett.ziemann@gmail.com, (757) 364-7016
Tyron Zemlak, stefan.hettinger@yahoo.com, (732) 282-3232
Tuan Hegmann, booker.morar@hotmail.com, (730) 642-0905
Mrs. Katelynn Auer, cary.connelly@gmail.com, (305) 234-8758
Carylon Rohan IV, mose.brakus@yahoo.com, (201) 790-0070
Ela Pouros, gilbert.leuschke@yahoo.com, (423) 592-0664
Kareem Harber, manuela.shanahan@hotmail.com, (730) 249-9437
Williemae Streich, paris.greenholt@hotmail.com, (730) 669-1717
Dr. James Stark, julian.zulauf@yahoo.com, (505) 644-7751
Salena Koelpin MD, jason.hammes@hotmail.com, (305) 202-5701
Jermaine Durgan, renaldo.mccullough@yahoo.com, (802) 596-3454
Mr. Dick Daniel, merrilee.roob@gmail.com, (505) 646-0759
Mrs. Alla Emard, oscar.ebert@hotmail.com, (305) 758-0178
Abraham Mante, lynn.heathcote@hotmail.com, (305) 802-3145
Angelo Daniel, despina.erdman@hotmail.com, (730) 230-3900
Tad Sauer Sr., mitzi.legros@yahoo.com, (472) 213-8790
Mr. Genny Sawayn, ferdinand.jaskolski@gmail.com, (983) 783-3047
Gonzalo Bosco Sr., darron.morissette@hotmail.com, (601) 365-9424
Edward Waelchi, jina.leffler@yahoo.com, (321) 998-2408
Olga Larson, mirta.bogisich@gmail.com, (730) 233-2685
Myra Bruen V, cuc.macejkovic@hotmail.com, (472) 233-7571
Mrs. Derek Terry, roseann.pacocha@yahoo.com, (730) 603-4405
Anibal Collier, casey.okuneva@yahoo.com, (586) 439-2739
Lily Wiza, herschel.howe@yahoo.com, (730) 232-6367
Regan Raynor, gisela.conroy@yahoo.com, (305) 201-6563
Leon Kunze, terrell.mann@gmail.com, (925) 803-2204
Mila Strosin, renato.bradtke@hotmail.com, (305) 247-4063
Phoebe Towne, pablo.glover@yahoo.com, (730) 208-3937
Franchesca Price III, mara.abernathy@hotmail.com, (305) 202-0141
Alona Herman, bret.jenkins@yahoo.com, (983) 733-5808
Illa Krajcik, garret.price@yahoo.com, (630) 376-7583
Myrtis Schaefer I, cherryl.farrell@gmail.com, (281) 256-6595
Larry Bailey, katherina.deckow@hotmail.com, (305) 303-9012
Lucienne Howe PhD, donald.kulas@gmail.com, (936) 493-7701
Dustin Mante, irmgard.olson@hotmail.com, (339) 898-0479
Lia Lowe, rosaline.braun@yahoo.com, (505) 700-9996
Grant Ullrich, ceola.kertzmann@gmail.com, (645) 207-6901
Maire Haley, raylene.boehm@yahoo.com, (730) 661-6705
Wilton Bernhard, else.murphy@hotmail.com, (730) 687-5528
Abraham Morar III, melinda.buckridge@hotmail.com, (734) 605-5228
Agnes Blanda, halley.braun@hotmail.com, (505) 485-5569
Aracely Thompson, ardell.witting@hotmail.com, (505) 646-7766
Pierre Nicolas, dale.mcclure@yahoo.com, (283) 740-7090
Bernie Rippin, susannah.robel@yahoo.com, (505) 467-8734
Keith Conn, kami.flatley@gmail.com, (305) 236-5554
Blossom Balistreri, russell.stehr@hotmail.com, (305) 205-6894
Domingo Becker Jr., rebbeca.schaden@gmail.com, (472) 465-6619
Mr. Franklin Hackett, hans.fadel@yahoo.com, (985) 953-1804
Mrs. Jama Leuschke, benny.thompson@yahoo.com, (505) 619-2689
See Koepp, carlos.durgan@hotmail.com, (472) 252-8440
Mrs. Mose Steuber, iliana.treutel@yahoo.com, (505) 648-3699
Mario Moore, foster.hintz@yahoo.com, (305) 263-3260
Sheryll Will, andrew.krajcik@hotmail.com, (614) 802-7207
Kristopher Conn, mikaela.kemmer@gmail.com, (563) 948-9931
Mr. Sherman Walsh, jc.schamberger@gmail.com, (541) 444-3059
Rhea Hegmann V, kurt.bartell@gmail.com, (305) 782-5484
Rolf Barton, tammy.bechtelar@yahoo.com, (832) 973-6982
Billie Adams, lavera.cruickshank@yahoo.com, (730) 245-4996
Deandre Bogisich V, zane.kunze@yahoo.com, (936) 819-0022
Hipolito Kuhic, raymon.legros@gmail.com, (505) 609-0197
Emerson Dietrich, long.satterfield@gmail.com, (520) 526-8072
Romana Spinka, stuart.adams@gmail.com, (730) 222-1690
Leo Hickle Sr., marti.hessel@yahoo.com, (850) 348-7456
Raul Hettinger, lou.denesik@hotmail.com, (567) 829-6479
Nidia Zulauf, daphine.durgan@yahoo.com, (505) 713-8422
Genevieve Boyle, nelda.murazik@hotmail.com, (423) 815-4569
Renna Pouros II, jewel.fay@gmail.com, (505) 596-1299
Teodoro O'Reilly, marketta.stark@gmail.com, (717) 689-7205
Wan Dooley III, madelyn.sawayn@yahoo.com, (983) 979-5439
Dexter Ebert, luciano.lang@gmail.com, (730) 650-1408
Harrison Medhurst, laverne.heidenreich@yahoo.com, (847) 247-6241
Marianne Rath, kendall.fritsch@gmail.com, (305) 460-2294
Florentina Bailey, marshall.kub@gmail.com, (814) 622-8577
Weston Macejkovic, magdalena.mcdermott@hotmail.com, (305) 265-0869
Johnnie Wuckert, lise.daugherty@yahoo.com, (472) 496-7509
Cliff Davis DVM, earlean.auer@hotmail.com, (505) 656-8049
Young Johnston, tressie.bartell@yahoo.com, (505) 648-0506
Albertina Keebler DVM, eneida.price@yahoo.com, (730) 642-8474
Carmina Cole, earnest.ryan@hotmail.com, (730) 699-1567
Erik Legros, edna.farrell@gmail.com, (336) 695-2116
Valentin Rempel, walter.aufderhar@hotmail.com, (305) 256-9613
Derick Armstrong, kendall.kuhlman@hotmail.com, (305) 795-9315
Dr. Winnie Friesen, irving.quigley@yahoo.com, (730) 207-3282
Mrs. Jude Ankunding, percy.white@gmail.com, (730) 229-7544
Miss Rico O'Conner, terrell.schoen@hotmail.com, (260) 883-3107
Nick Jast, isaac.hansen@gmail.com, (730) 670-7636
Ms. Merrie Littel, altha.douglas@gmail.com, (320) 734-9903
Ms. Lucius Abernathy, joselyn.orn@yahoo.com, (983) 211-6229
Chris Nader, gala.reichert@hotmail.com, (505) 929-5065
Long Miller, salvatore.fisher@gmail.com, (730) 237-3081
Adelina Adams, shelby.walter@gmail.com, (369) 993-4577
Weston Renner, alonso.rath@gmail.com, (305) 214-1149
Chris Pagac, jon.stamm@yahoo.com, (517) 237-6924
Madalene Zboncak, marcus.pagac@gmail.com, (730) 676-3171
Myrtis Mohr, audrey.nader@hotmail.com, (505) 613-0391
Erich Grimes, isabell.dach@hotmail.com, (530) 350-5280
Loise Braun, grover.schowalter@yahoo.com, (305) 803-8886
Eddie Stark, milan.buckridge@yahoo.com, (757) 946-4529
Lesia Prohaska, daysi.crist@gmail.com, (951) 935-0059
Carmella Hahn, moises.hilpert@yahoo.com, (305) 203-2205
Lorie Legros, mabelle.graham@hotmail.com, (251) 930-6391
Tonya Johns, annis.king@yahoo.com, (484) 221-3766
Ted Goldner, ruthanne.tromp@gmail.com, (938) 457-1649
Jamar Pollich, minerva.greenfelder@hotmail.com, (505) 651-4494
Luther Dickens, derrick.cronin@yahoo.com, (513) 847-6297
Ermelinda Gutmann Sr., isidra.mckenzie@gmail.com, (305) 265-9820
Doria Skiles, gregory.mante@yahoo.com, (505) 756-7963
Catherina Padberg, camilla.beatty@yahoo.com, (505) 332-3315
Alan Willms IV, nathanael.collins@gmail.com, (908) 278-9536
Melynda West, josiah.macejkovic@gmail.com, (505) 644-8104
Ms. Mitzie Cronin, collin.turner@hotmail.com, (730) 647-7043
Alexandria Becker, chas.runolfsdottir@gmail.com, (730) 679-6373
Toby Runolfsson Jr., emmett.ankunding@gmail.com, (983) 987-8390
Sharonda Olson Jr., ashanti.spinka@hotmail.com, (472) 214-0206
Cristobal Lindgren MD, ma.lowe@hotmail.com, (934) 927-6226
Keenan Pollich III, floy.stark@hotmail.com, (305) 692-8793
Ms. Angelica Bahringer, rashad.marks@hotmail.com, (505) 644-6687
Casey Torphy, hui.graham@gmail.com, (463) 476-7602
Chauncey Gutkowski IV, cicely.paucek@hotmail.com, (505) 648-6849
Angie Jerde MD, yolonda.tillman@gmail.com, (730) 247-4312
Margarito Turcotte, lawerence.schamberger@yahoo.com, (983) 755-6225
Eusebio Luettgen, collin.oberbrunner@yahoo.com, (730) 232-3542
Jules Padberg, jolyn.hamill@yahoo.com, (472) 451-9033
Arron Satterfield, jeannie.crist@yahoo.com, (983) 461-8880
Mr. Nickie Hagenes, arlen.bergnaum@hotmail.com, (364) 575-5081
Javier Cummings, preston.koss@yahoo.com, (931) 823-1658
Israel Cremin, maye.wuckert@gmail.com, (472) 409-4764
Mrs. Mirta Bergnaum, tomiko.franecki@hotmail.com, (432) 837-5837
Miss Clifford Funk, camille.ratke@hotmail.com, (305) 204-1926
Mika Fritsch, crysta.swaniawski@gmail.com, (870) 655-6106
Dr. Julietta Crooks, steve.purdy@yahoo.com, (984) 974-9099
Rene Gutmann PhD, katlyn.tromp@gmail.com, (316) 972-3313
Randell Spencer, loriann.crooks@yahoo.com, (305) 422-6720
Anastacia Willms Jr., elvin.haag@yahoo.com, (305) 761-7884
Zachary Schmitt, efren.green@yahoo.com, (730) 234-8353
Santo Willms, stefan.reichert@gmail.com, (918) 767-1977
Fallon Pollich, leonardo.kling@gmail.com, (308) 231-6004
Micheal Glover, jean.bechtelar@hotmail.com, (730) 695-1893
Cherish Glover DVM, jayme.schoen@gmail.com, (983) 948-2563
Carrie Schamberger, anderson.howell@yahoo.com, (730) 247-4147
Tandra Treutel, karoline.deckow@yahoo.com, (472) 497-3085
Lacy Halvorson, zack.ullrich@hotmail.com, (730) 200-9617
Tammera Marquardt, ethelyn.kshlerin@yahoo.com, (520) 689-3672
Kurt Jacobs, erlene.mohr@gmail.com, (858) 302-9580
Ismael Huel, danette.labadie@hotmail.com, (503) 429-2960
Ms. Larry Crooks, tayna.farrell@gmail.com, (878) 468-1502
Josue Moen, russ.dietrich@gmail.com, (863) 924-9672
Adrian Runolfsdottir, jean.mccullough@gmail.com, (730) 244-9236
Horacio Larkin, rubin.homenick@gmail.com, (540) 709-4392
Johnny Bergstrom, jimmie.schneider@yahoo.com, (505) 582-2457
Kurt West, chong.ferry@hotmail.com, (305) 515-1073
Nakia Baumbach, mandy.wisozk@hotmail.com, (472) 418-2888
Clare Osinski, tenesha.hamill@hotmail.com, (730) 222-1839
George Greenholt, freddie.stanton@yahoo.com, (305) 764-7887
Jennifer Bartoletti, maisha.torphy@yahoo.com, (730) 216-2811
Hedwig Kshlerin, jame.grimes@hotmail.com, (730) 241-8406
Cedric Aufderhar, winston.adams@hotmail.com, (305) 506-8528
Valrie Harber, francesco.pollich@yahoo.com, (730) 225-3600
Annamarie Gaylord, jimmie.collins@hotmail.com, (983) 226-1029
William West PhD, sina.hane@hotmail.com, (409) 373-0317
Ms. Loriann Leffler, leslee.padberg@hotmail.com, (773) 284-1124
Kristin Bode, trent.buckridge@gmail.com, (983) 484-7972
Anibal Runolfsson Jr., jana.christiansen@hotmail.com, (730) 608-8338
Tish Roob IV, cleo.yundt@gmail.com, (983) 730-8177
Marcelo Marquardt, leandro.reinger@hotmail.com, (424) 969-6642
Leann Mueller, glady.morar@hotmail.com, (730) 642-2365
Hollis Bernhard, samuel.denesik@gmail.com, (983) 747-2267
Paris Schaden, brock.reilly@hotmail.com, (802) 866-7741
Mae Schinner V, jerome.konopelski@hotmail.com, (305) 258-1254
Yelena Cormier, gonzalo.wolff@gmail.com, (983) 754-5497
Dr. Travis Schumm, prince.dooley@gmail.com, (938) 957-9626
Yee MacGyver, jonnie.barrows@gmail.com, (472) 245-5771
Ashlea Hartmann, jin.lueilwitz@gmail.com, (505) 576-1328
Mrs. Kala Kling, leonardo.conroy@hotmail.com, (505) 276-6836
Lolita Frami, alonso.deckow@hotmail.com, (305) 246-7896
Candace Runte, alberto.kuhic@yahoo.com, (864) 906-7799
Levi Stiedemann, daren.braun@hotmail.com, (724) 327-4241
Mrs. Lester Schmidt, dean.kiehn@gmail.com, (730) 681-5555
Horacio Bauch V, giovanni.predovic@hotmail.com, (730) 235-4636
Susan Pfeffer, ha.erdman@hotmail.com, (505) 639-8955
Julienne D'Amore, noah.welch@gmail.com, (983) 888-7207
Abdul Nolan, millicent.langworth@gmail.com, (520) 285-1446
Neil Stokes Sr., sidney.steuber@gmail.com, (571) 776-1792
Tiny Rogahn, kerry.fay@gmail.com, (505) 648-5827
Ms. Marvin Zemlak, alison.jacobs@yahoo.com, (347) 574-0236
Candy Gusikowski, zackary.jenkins@hotmail.com, (305) 202-4119
Kelley Beatty Sr., wallace.senger@hotmail.com, (850) 392-8115
Rudolph Kuvalis II, kum.hilpert@hotmail.com, (983) 387-7737
Renda Huel, gerry.boyer@gmail.com, (505) 727-5159
Reginald Moore, norberto.rolfson@gmail.com, (505) 923-5667
Alexis Labadie III, izetta.gerlach@yahoo.com, (559) 936-5017
Han Gibson, armand.senger@gmail.com, (730) 246-5535
Mark Haag, zetta.pouros@hotmail.com, (305) 426-2176
Chara Murazik, pinkie.ankunding@hotmail.com, (202) 557-5102
Miss Kelly Graham, meggan.weber@gmail.com, (472) 267-3565
Adelina Tromp, lowell.gibson@gmail.com, (730) 217-7132
Julio Carter, kory.pouros@yahoo.com, (472) 240-6183
Georgianne Weissnat Sr., gearldine.davis@gmail.com, (505) 646-1775
Winford Bergnaum, mickey.langosh@yahoo.com, (472) 468-6859
Miss Chester Schoen, clinton.buckridge@yahoo.com, (305) 567-2787
Luanna Shanahan, yukiko.senger@gmail.com, (305) 203-1373
Ms. Margert Streich, darius.abshire@hotmail.com, (472) 473-0977
Mr. Albert Grant, kandi.erdman@yahoo.com, (505) 683-5614
Kristie Zulauf V, otelia.bernhard@hotmail.com, (730) 238-5744
Celestina Ondricka, cecelia.schultz@hotmail.com, (472) 201-3837
Jospeh McDermott, alexander.walsh@hotmail.com, (305) 936-8550
Mandi West, audry.gusikowski@hotmail.com, (346) 913-6257
Mireya Kertzmann, charles.heaney@hotmail.com, (463) 963-7066
Eddy Davis MD, mellissa.spencer@yahoo.com, (983) 468-6355
Arron Labadie, elmer.pouros@yahoo.com, (730) 208-9496
Christopher Rice, stormy.damore@hotmail.com, (730) 602-2011
Ms. Greta Wolf, shelli.cassin@hotmail.com, (305) 210-5212
Sheridan Herman, natalie.klein@gmail.com, (505) 691-9131
Margarette Shields MD, desire.von@yahoo.com, (730) 238-0385
Caprice Hills, ahmed.mills@yahoo.com, (983) 705-4241
Steven Leuschke, eugenia.grady@yahoo.com, (305) 293-5080
Harris Borer V, hosea.wiegand@gmail.com, (530) 287-4389
Bok VonRueden, lewis.strosin@yahoo.com, (305) 210-8972
Glynis Gorczany, dovie.conroy@gmail.com, (472) 420-2091
Antone Lubowitz, walton.skiles@yahoo.com, (472) 493-4869
Sherrie Wisozk, orville.renner@gmail.com, (730) 693-8959
Terrence Steuber DVM, nadine.wisozk@hotmail.com, (228) 969-2001
Neda Beahan, lois.lynch@hotmail.com, (730) 230-6693
Darla Gusikowski, bryon.heidenreich@gmail.com, (505) 686-2660
Tim Pacocha, nevada.pouros@yahoo.com, (910) 736-3973
Hwa Schumm II, juliet.williamson@gmail.com, (719) 846-8572
Marta Reilly, sung.klocko@hotmail.com, (505) 602-5333
Galen Gottlieb, burton.morar@gmail.com, (305) 266-0587
Richelle Bartoletti III, donald.schmidt@hotmail.com, (305) 264-4387
Anabel Ondricka, jerrod.torp@hotmail.com, (730) 225-1059
Ulrike Lynch, grover.bins@yahoo.com, (305) 467-2607
Audry Lemke PhD, aldo.terry@gmail.com, (305) 207-9448
Corliss Jacobson DDS, lorretta.kessler@yahoo.com, (640) 265-1071
Danette Mills, stefany.keeling@yahoo.com, (857) 622-8849
Carlena Padberg V, rubin.powlowski@gmail.com, (983) 427-5686
Alona Blanda, samira.balistreri@hotmail.com, (472) 220-9568
Kendall Rogahn, alexis.treutel@yahoo.com, (730) 682-2791
Lesli Schuster, kelvin.romaguera@yahoo.com, (505) 672-8628
Jorge Crist MD, donald.daniel@yahoo.com, (472) 225-3654
Emilio Rowe II, guillermo.bogisich@hotmail.com, (763) 914-5592
Louella Ziemann, goldie.mann@yahoo.com, (505) 672-5827
Mr. Flavia Herzog, ana.hermiston@yahoo.com, (505) 742-5616
Tad Monahan, calandra.auer@yahoo.com, (505) 646-8641
Dr. Rory Hayes, arturo.hartmann@yahoo.com, (803) 493-4734
Samuel Dietrich, lucina.ebert@yahoo.com, (730) 601-8126
Dr. Margaretta Koepp, jaclyn.krajcik@gmail.com, (305) 280-8481
Eldon Glover, somer.denesik@hotmail.com, (472) 274-8147
Jennette Goodwin I, mckenzie.wisozk@gmail.com, (505) 918-2704
Argentina Kilback MD, alaine.kuvalis@gmail.com, (659) 360-8435
Noble Marks Sr., delfina.marquardt@yahoo.com, (305) 277-6619
Collin Crist, waylon.adams@hotmail.com, (305) 207-8675
Conrad Green, ray.fadel@yahoo.com, (305) 965-9461
Mrs. Jean Haag, khadijah.kunde@gmail.com, (730) 223-0686
Rubie Wintheiser, leonel.zulauf@hotmail.com, (305) 208-5399
Valrie Buckridge, annice.kuhn@hotmail.com, (971) 589-5202
Valentine Rohan Sr., galina.collins@gmail.com, (434) 209-7905
Miss Jenna Barrows, glenda.batz@gmail.com, (818) 276-9387
Vince Dicki, celestina.gerlach@gmail.com, (505) 272-3081
Mrs. Karl Feest, clarinda.hilpert@hotmail.com, (754) 322-5703
Wilford Daniel, felix.rohan@hotmail.com, (983) 797-6850
Mr. Eugena Koss, yael.sporer@yahoo.com, (775) 241-4445
Venus Bashirian, collin.skiles@hotmail.com, (305) 472-9636
Miss Wilton Weissnat, eunice.funk@gmail.com, (472) 299-1958
Merrilee Grimes, ricarda.hickle@gmail.com, (480) 500-5780
Marth Hahn, reyes.vandervort@hotmail.com, (305) 212-7585
Julio Douglas, herman.zulauf@yahoo.com, (730) 242-5242
Theda Veum, bessie.ritchie@hotmail.com, (472) 213-8042
Lilliam Boyer, sharilyn.reichel@yahoo.com, (920) 737-2538
Lindsay Jacobi, juliann.mills@hotmail.com, (305) 897-3945
Jed D'Amore, seth.bogisich@yahoo.com, (730) 654-0907
Mr. Winfred Luettgen, pete.jacobs@gmail.com, (472) 230-4006
Catrina Wiegand, silas.collins@yahoo.com, (305) 330-6420
Lyle Schowalter, herb.okeefe@gmail.com, (505) 739-6016
Silas Russel, avis.prosacco@gmail.com, (985) 692-0638
Rosalind Nolan, lawanda.trantow@hotmail.com, (730) 248-1078
Miss Abraham Reilly, rich.friesen@yahoo.com, (730) 237-8126
Benjamin Bode, saul.heathcote@gmail.com, (540) 405-7456
Korey Abshire, zackary.daugherty@hotmail.com, (983) 210-8388
Eda Weimann, jamar.welch@hotmail.com, (472) 236-8215
Mr. Saran Vandervort, ashlie.vandervort@gmail.com, (305) 203-9821
Chin Prohaska, sergio.walsh@yahoo.com, (730) 605-1337
David Funk, johnie.blanda@hotmail.com, (305) 687-0788
Joan O'Reilly, freeman.brekke@gmail.com, (943) 596-2825
Ms. Adah West, betsey.ruecker@yahoo.com, (505) 781-8864
Domingo Okuneva DDS, van.erdman@gmail.com, (730) 236-9645
Ezequiel Romaguera, jayne.larson@gmail.com, (872) 984-9586
Mrs. Barbie Hoppe, dorian.stracke@yahoo.com, (447) 871-8119
Miguelina Gibson, tresa.daniel@gmail.com, (505) 697-6700
Ronni Schaden IV, randolph.conroy@yahoo.com, (520) 907-3875
Susanne Ortiz, jaime.emmerich@hotmail.com, (432) 613-0655
Noel Ryan, bryant.miller@gmail.com, (472) 272-0811
Silvia Rutherford, alphonso.ledner@hotmail.com, (730) 214-1351
Dr. Augustus Lehner, blossom.tromp@hotmail.com, (505) 493-4519
Aimee Toy, laurine.hodkiewicz@hotmail.com, (828) 242-0436
Amos Block, zoila.tremblay@hotmail.com, (989) 987-0233
Liliana Schmidt, fletcher.stark@gmail.com, (505) 694-2960
Ramiro Torphy, noe.schmitt@yahoo.com, (305) 622-4463
Ms. Domenic Zemlak, nathanial.ortiz@yahoo.com, (541) 555-0492
Dr. Everett West, raymon.stiedemann@yahoo.com, (847) 529-0005
Mrs. Tasha Kertzmann, branden.dickinson@gmail.com, (730) 242-2078
Neil Russel, ross.volkman@gmail.com, (730) 666-5519
Michale Nicolas, neil.oberbrunner@gmail.com, (870) 697-9227
Wm Kessler DVM, lynwood.kirlin@gmail.com, (281) 903-4096
Timothy Lebsack, dwight.ebert@yahoo.com, (730) 227-1573
Glen Lindgren, madelyn.parisian@hotmail.com, (305) 624-7326
Gino Koss, danilo.johnson@hotmail.com, (240) 608-3986
Miss Dorathy Kohler, weldon.schoen@yahoo.com, (305) 204-2945
Sherlene Mills, blair.waelchi@gmail.com, (472) 257-2352
Clarence Bartoletti, theresa.ebert@yahoo.com, (730) 698-4771
Mr. Emilio Stroman, deon.block@gmail.com, (305) 247-5374
Melissia Rau, corrin.stiedemann@gmail.com, (505) 646-8175
Tori Champlin, marguerita.weissnat@hotmail.com, (520) 278-6158
Mrs. Ted Gislason, michaela.brakus@hotmail.com, (472) 242-2559
Gladis Carroll, chere.schaden@hotmail.com, (983) 898-2216
Janay Crooks DDS, chris.towne@hotmail.com, (472) 217-5779
Karl Lakin V, ja.white@gmail.com, (312) 398-0446
Antone Klocko, sanora.champlin@gmail.com, (505) 755-7667
Elfrieda Wyman, zaida.schmitt@hotmail.com, (843) 217-8481
Douglass Lesch, jesus.kutch@gmail.com, (940) 245-6035
Rueben Littel, catherin.berge@gmail.com, (702) 630-5012
Bruna Crona, bradford.carroll@yahoo.com, (730) 218-0073
Lavon Schamberger, billie.nolan@hotmail.com, (983) 287-9270
Van Gulgowski, les.emmerich@gmail.com, (730) 236-6961
Kelvin Monahan, shelton.kautzer@yahoo.com, (505) 696-7366
Yan Zulauf, magen.larkin@gmail.com, (305) 207-1581
Francina Langworth, adalberto.wyman@yahoo.com, (412) 999-8816
Birdie Cassin, reynalda.jerde@gmail.com, (730) 672-9556
Penney Little, roslyn.rosenbaum@yahoo.com, (730) 214-0981
Sona Hoeger DVM, barbra.lesch@hotmail.com, (305) 867-8033
Faith O'Conner, keenan.schumm@gmail.com, (983) 812-1210
Hong Waelchi, lorilee.carroll@yahoo.com, (971) 631-0751
Nobuko Thompson, chanelle.keeling@hotmail.com, (726) 916-9072
Dorathy Becker DVM, huey.crist@yahoo.com, (305) 243-2386
Ms. Bobbie McGlynn, esperanza.reilly@yahoo.com, (305) 233-8171
Rochell Wisoky, rodger.johnson@gmail.com, (747) 839-0341
Thi Sipes, owen.kerluke@gmail.com, (505) 609-8005
Cleotilde Nader, myrtle.altenwerth@hotmail.com, (270) 476-1936
Shavon Pagac, alisia.wisoky@hotmail.com, (858) 519-6635
Miss Donnette Ankunding, wilford.ruecker@yahoo.com, (820) 652-0975
Isidra Dickens, jonas.waelchi@hotmail.com, (815) 981-1884
Shanna Watsica I, abram.purdy@gmail.com, (505) 613-0013
Dewayne Conn, willian.mccullough@hotmail.com, (840) 249-7739
Omar Huels, franklin.gottlieb@hotmail.com, (472) 436-0301
Dr. Roy Windler, lavelle.sawayn@hotmail.com, (305) 200-2637
Teresita Cremin, steven.pouros@hotmail.com, (773) 329-7716
Josue McDermott, roseanne.rosenbaum@gmail.com, (730) 225-0929
Issac Ondricka, isaias.crist@hotmail.com, (276) 561-0676
Brock Hill, nila.kassulke@hotmail.com, (986) 310-3711
Mrs. Angelo Terry, marty.hackett@hotmail.com, (505) 571-7520
Raguel Moore I, hilton.osinski@gmail.com, (305) 726-8213
Alphonso Hickle, antone.kilback@yahoo.com, (773) 984-1427
Niki Keeling III, bernard.schoen@yahoo.com, (305) 268-1109
Creola Olson, lucilla.rosenbaum@yahoo.com, (847) 672-1741
Daniel Terry, elias.champlin@gmail.com, (983) 456-7762
Dr. Alex Lubowitz, khalilah.kiehn@hotmail.com, (689) 742-6066
Kennith Ortiz, brandi.trantow@yahoo.com, (472) 214-6119
Nam Lang, ira.dickinson@hotmail.com, (305) 686-4277
Adolfo Christiansen, kathleen.cassin@hotmail.com, (510) 764-0100
Emmett Hodkiewicz, britt.dibbert@yahoo.com, (231) 958-6919
Divina Collins, emerson.romaguera@yahoo.com, (730) 226-3986
Mandie Dickinson, tyisha.bergstrom@yahoo.com, (582) 569-7829
Verdell Wisozk, elias.stroman@gmail.com, (936) 999-8807
Terrence Kub, louisa.dare@yahoo.com, (305) 518-0161
Assunta Halvorson, russel.thiel@yahoo.com, (730) 233-1566
Forest Fisher, isreal.hartmann@yahoo.com, (305) 222-4138
Raguel Romaguera, isaura.hackett@yahoo.com, (305) 571-6077
Ms. Clarine Stroman, jeffery.jenkins@hotmail.com, (730) 610-4810
Brad Ebert, freddie.mckenzie@gmail.com, (582) 830-0502
August Macejkovic, terry.mayer@gmail.com, (341) 702-2678
Miss Caron Fisher, terence.ziemann@gmail.com, (983) 474-7369
Dot Yost, hilda.franecki@yahoo.com, (305) 335-2975
Randi Dickens, williams.terry@hotmail.com, (505) 440-1877
Jeffry Reilly, almeda.weissnat@hotmail.com, (505) 226-1814
Hillary Harvey V, booker.schoen@hotmail.com, (505) 578-4413
Nita McClure, martin.gleichner@gmail.com, (919) 611-2801
Miss Charisse Murphy, maisha.auer@gmail.com, (305) 838-5988
Kennith Toy, numbers.moore@hotmail.com, (305) 206-0347
Zina Auer, carmine.abbott@yahoo.com, (730) 204-6062
Maxwell Spinka, rosetta.funk@hotmail.com, (505) 798-4710
Dr. Inell Grady, deeanna.kub@gmail.com, (469) 269-7376
Mrs. Layne Kuvalis, jamar.powlowski@hotmail.com, (305) 377-7762
Mrs. Peg Moore, kori.swaniawski@hotmail.com, (907) 259-9443
Lucio Bailey, phylicia.herman@gmail.com, (505) 644-9592
Dionna Huels, carl.cole@gmail.com, (442) 530-8048
Adelaida Hand, temeka.wolff@yahoo.com, (502) 261-7552
Jewell Windler, clemente.littel@hotmail.com, (730) 655-8331
Roderick Will, anya.rosenbaum@yahoo.com, (505) 648-7822
Miss Suzi Hauck, francis.johnson@hotmail.com, (472) 257-3152
Myrtis Wisozk, renato.bosco@yahoo.com, (304) 443-5045
Genevieve Okuneva, rashad.larkin@gmail.com, (305) 207-5746
Dr. Kasey Kassulke, rod.roberts@hotmail.com, (505) 669-9667
Nan Lebsack, roscoe.kiehn@gmail.com, (505) 201-4974
Miss Kanisha Aufderhar, kiersten.pfeffer@gmail.com, (472) 432-3267
Dortha Bode, selene.breitenberg@yahoo.com, (472) 262-2610
Loreta Reichel DVM, chet.hintz@yahoo.com, (730) 658-7569
Ozell Schroeder, johnnie.hoeger@yahoo.com, (505) 277-0005
Brad Bogan, lester.bode@yahoo.com, (557) 830-2462
Kyle Greenholt, delbert.wilderman@gmail.com, (813) 851-6878
Marquis Smitham, shannan.prosacco@hotmail.com, (983) 417-5804
Candice Dickens, ilona.bergstrom@gmail.com, (472) 456-2774
Perry Adams, nickolas.ward@hotmail.com, (305) 295-9249
Leandro Toy, deanne.pacocha@yahoo.com, (305) 658-6169
Ernie McDermott, oren.moen@hotmail.com, (730) 218-9984
Maddie Schamberger, shirl.kessler@hotmail.com, (305) 464-5169
Nadia Gibson, michiko.heaney@gmail.com, (831) 958-7437
Julietta Altenwerth, franklyn.turner@hotmail.com, (570) 307-0191
Johnathon Ritchie, candance.rempel@yahoo.com, (305) 205-5864
Dorothea Keeling, keven.satterfield@yahoo.com, (505) 629-9283
Yen Morissette, leena.schamberger@yahoo.com, (470) 678-5753
Ms. Jaymie Sauer, cheree.nitzsche@hotmail.com, (472) 417-7396
Jewel Cronin, windy.halvorson@hotmail.com, (505) 609-4901
Tristan Gorczany, gus.paucek@gmail.com, (472) 471-6202
Tarah Rau, gaylene.lehner@gmail.com, (730) 226-8452
Luis Rosenbaum Jr., lauren.rau@yahoo.com, (662) 797-4389
Bernardo Bailey, michal.will@hotmail.com, (305) 387-4356
Mr. Jeremy Torphy, felton.jast@hotmail.com, (305) 239-0117
Wilfred Donnelly, judson.harvey@gmail.com, (818) 904-0992
Robbyn Nolan IV, ursula.ebert@gmail.com, (730) 638-0129
Agustina Collier MD, lorine.vonrueden@gmail.com, (730) 650-0149
Garrett Robel, felton.lubowitz@yahoo.com, (915) 735-6107
Adriene Hoeger, kathie.torp@gmail.com, (754) 313-1492
Dr. Clemente Bauch, erick.casper@hotmail.com, (730) 238-3776
Colby Gottlieb, shaina.friesen@gmail.com, (505) 644-4602
Ruben Connelly, regina.green@hotmail.com, (364) 316-4481
Miss Kaycee Jacobson, elease.heidenreich@hotmail.com, (730) 242-6254
Georgiann Erdman, erna.mann@yahoo.com, (730) 624-9759
Hortense Gerlach, sunny.bailey@gmail.com, (983) 282-8897
Beckie Goyette, yong.deckow@yahoo.com, (806) 853-8296
Merle Wilkinson, wendell.kutch@yahoo.com, (472) 275-2732
Keven Okuneva, wei.donnelly@gmail.com, (520) 593-6819
Kristin Ryan V, janell.olson@yahoo.com, (730) 244-5303
Darius Renner, sondra.schamberger@hotmail.com, (505) 932-4635
Shirlene Grimes, bud.gaylord@yahoo.com, (472) 428-7171
Devon Farrell II, tambra.kuphal@yahoo.com, (983) 840-0196
Royce Mann, fermin.little@hotmail.com, (959) 337-2728
Samuel Kuphal, otto.glover@yahoo.com, (730) 606-9180
Jo Zboncak, rachele.herman@yahoo.com, (870) 578-0657
Julio Marks, janette.wolff@hotmail.com, (505) 648-3093
Bernie King, eugene.feest@hotmail.com, (564) 629-9618
Noelle Thiel V, liza.kub@hotmail.com, (730) 222-8171
Jeramy Kunde I, jermaine.prohaska@gmail.com, (505) 600-9580
Shirl Lang, barton.hills@yahoo.com, (730) 609-3212
Bailey Daugherty, richie.schroeder@gmail.com, (730) 237-0738
Dr. Charles Hilpert, ramiro.kutch@gmail.com, (305) 252-6793
Ulysses Luettgen IV, lynn.langosh@gmail.com, (717) 469-0080
Randy Jast, rosie.doyle@hotmail.com, (730) 200-0444
Zane Marquardt, ramiro.blick@yahoo.com, (826) 275-0612
Lenny Shanahan Jr., edwin.dibbert@gmail.com, (505) 646-0469
Toccara Altenwerth, maricela.durgan@hotmail.com, (305) 366-1794
Rusty Kerluke, tracy.renner@yahoo.com, (573) 203-7404
Yang Gaylord, janise.damore@yahoo.com, (657) 329-1079
Bryan Ryan, rana.hills@yahoo.com, (505) 690-1324
Long Zboncak, royal.hegmann@gmail.com, (845) 324-3731
Melda Zboncak, marivel.bechtelar@gmail.com, (505) 360-5962
Monet Gottlieb, gertude.rodriguez@hotmail.com, (920) 715-2132
David Schiller, ulysses.feil@yahoo.com, (505) 644-3586
Beverly Sauer, rochel.maggio@yahoo.com, (937) 607-5457
Janette Wintheiser, curt.jerde@gmail.com, (979) 810-6836
Miss Myron Kerluke, alexandria.nienow@hotmail.com, (505) 644-6041
Marica White, zachary.cartwright@yahoo.com, (305) 258-5864
Mrs. Monty Cartwright, conrad.wisoky@gmail.com, (305) 266-9910
Stephaine Greenfelder, lindsay.macejkovic@gmail.com, (730) 246-8367
Jordan Luettgen, ashley.nikolaus@hotmail.com, (730) 244-2748
Dr. Christian Pfannerstill, ira.rohan@gmail.com, (472) 429-8181
Bradly Kirlin PhD, sydney.bruen@hotmail.com, (505) 816-3651
Yong Monahan, rex.watsica@hotmail.com, (730) 228-7211
Tonia Dibbert, roy.hegmann@yahoo.com, (505) 662-3060
Dr. Brittney Leannon, shakira.collins@yahoo.com, (973) 353-5795
Marilynn Cartwright, eugene.reichert@gmail.com, (730) 249-8344
Mohamed Sawayn, minh.rice@gmail.com, (505) 417-9822
Claudia Heidenreich, lon.leffler@gmail.com, (307) 464-0543
Ollie Lindgren, sandee.wisoky@gmail.com, (240) 293-9472
Kyla Keeling, dottie.harris@yahoo.com, (305) 644-1288
Tony Erdman, jeannie.gaylord@yahoo.com, (948) 570-8586
Zachery Bergnaum III, eliseo.lindgren@yahoo.com, (571) 933-6876
Jerrold Boehm, lisette.reilly@yahoo.com, (305) 287-9039
Vern Grimes, carmina.weimann@yahoo.com, (305) 220-6455
Miss Johnathon Wiza, dominic.gutkowski@yahoo.com, (730) 216-2920
Ms. Mike Heaney, danyell.langosh@hotmail.com, (730) 241-7316
Asha Jacobson, arlette.nikolaus@yahoo.com, (305) 205-9968
Dr. Romeo Marvin, george.feeney@gmail.com, (786) 390-9223
Chelsey Jaskolski, johnsie.will@hotmail.com, (828) 732-1008
Mr. Matthew Pfannerstill, marsha.cassin@gmail.com, (781) 416-5722
Rickie Zulauf, nettie.hoppe@gmail.com, (505) 567-2933
Bennett Kirlin, dennise.borer@yahoo.com, (717) 688-3012
Kathaleen Schinner I, stacey.mcclure@gmail.com, (983) 934-6351
Ema Kuhic, estrella.bruen@gmail.com, (714) 700-8049
Irving Gerhold, elmo.schinner@hotmail.com, (305) 532-3783
Virgil Torp, marivel.macgyver@hotmail.com, (731) 880-3902
Shellie Jast, daron.considine@gmail.com, (505) 644-1018
Mauricio Hyatt, rosalind.price@hotmail.com, (505) 438-0399
Leo Hettinger, clinton.durgan@yahoo.com, (983) 714-2172
Mary Jones, wilfred.crooks@hotmail.com, (475) 917-5469
Rocco Yundt IV, otis.armstrong@hotmail.com, (540) 389-8169
Carmen Toy, lucien.larkin@gmail.com, (505) 646-3687
Marc Schumm, gladis.hayes@gmail.com, (505) 661-1798
Cassy Altenwerth II, denisse.donnelly@hotmail.com, (305) 240-2978
Marcela Schaefer, jospeh.dietrich@hotmail.com, (762) 911-0918
Tyler Klocko, horace.konopelski@gmail.com, (983) 274-5396
Abram Leannon, isreal.reinger@yahoo.com, (505) 646-6615
Mr. Nathaniel Thompson, derick.schumm@hotmail.com, (305) 241-4933
Armida Harris DVM, christeen.barton@gmail.com, (906) 872-6653
Bennie Reynolds IV, freddie.batz@yahoo.com, (337) 815-6981
Nova Moen, shirley.schmeler@yahoo.com, (564) 846-8206
Tai McKenzie, britt.watsica@yahoo.com, (305) 200-9588
Winston Breitenberg, sanford.stamm@hotmail.com, (730) 228-1908
Ms. Charlie Ferry, rossie.borer@hotmail.com, (305) 490-0261
Coral Bernhard, shannon.parker@gmail.com, (305) 259-4746
Donnette Ondricka, sandee.batz@yahoo.com, (909) 232-1343
Alexander Auer, heriberto.schoen@hotmail.com, (906) 400-6145
Trenton Langosh, wanetta.dickens@hotmail.com, (730) 204-3452
Marcelino Schultz, kenny.crist@hotmail.com, (730) 233-8446
Ms. Miyoko Steuber, wallace.romaguera@gmail.com, (623) 200-5543
Cole Kuphal, emely.parisian@hotmail.com, (505) 629-2782
Timmy Pagac, shonna.mann@gmail.com, (472) 480-6543
Mr. Robena Skiles, jeromy.feest@hotmail.com, (470) 306-5387
Evan Botsford, eliana.schamberger@gmail.com, (910) 318-0052
Mr. Yolando Osinski, stephnie.schiller@hotmail.com, (351) 722-2590
Doug Marquardt, jermaine.pagac@yahoo.com, (983) 455-5679
Dr. Nicholas Schmitt, sarah.oconner@gmail.com, (983) 744-1197
Abdul Gottlieb, dion.bahringer@hotmail.com, (730) 243-5381
Ms. Brianne Corwin, manuel.zieme@gmail.com, (305) 229-5323
Judson Watsica II, elvis.maggio@hotmail.com, (305) 300-4131
Lauren Mante, catherin.jenkins@gmail.com, (586) 343-1796
Margherita DuBuque, ervin.parker@gmail.com, (472) 232-5493
Miss Jacques Quitzon, janyce.ryan@gmail.com, (305) 250-7621
Tatiana Ernser, jenise.jones@gmail.com, (305) 240-1579
Rufina Gutkowski, ali.langosh@hotmail.com, (505) 656-6053
Julienne Cole, numbers.lockman@gmail.com, (646) 618-5709
Vern Padberg, tillie.lebsack@hotmail.com, (305) 554-9583
Arnold Gibson, daron.nitzsche@hotmail.com, (472) 482-9779
Madlyn Kertzmann, wes.buckridge@hotmail.com, (305) 441-8487
Margareta Kessler, alia.miller@gmail.com, (472) 216-0631
Adriane Stokes, gus.effertz@hotmail.com, (472) 469-3695
Mrs. Melvin Tremblay, bernadette.blanda@hotmail.com, (983) 285-9968
Luanne Rippin, oren.lindgren@hotmail.com, (983) 304-0849
Laila Beahan, sherita.wolff@gmail.com, (472) 280-5479
Harold Wyman, santos.pacocha@hotmail.com, (472) 237-7097
Miss Brandon Howell, patrina.haag@gmail.com, (983) 735-7673
Arthur Cummerata I, salvador.pfeffer@gmail.com, (730) 246-7398
Travis Kohler PhD, joan.carroll@gmail.com, (217) 845-4835
Loyd Reynolds, bo.quitzon@yahoo.com, (472) 227-7043
Lucila Schumm, myles.zieme@gmail.com, (505) 646-5647
Dr. Elliott Kunde, erick.nitzsche@gmail.com, (363) 644-7617
Sammy Goyette, liza.russel@yahoo.com, (730) 659-8348
Bill Kihn, marylynn.corwin@hotmail.com, (350) 509-6606
Marya Ernser, barbera.reichel@gmail.com, (472) 474-8166
Stephen Kub, merrill.bednar@yahoo.com, (563) 435-9795
Richard Jacobs I, evelyne.rutherford@hotmail.com, (730) 224-7873
Kathryn Bogan DVM, maurice.hudson@gmail.com, (505) 646-2180
Dr. Billi Kulas, mohamed.jerde@yahoo.com, (505) 646-0748
Robbie Howell, elisa.kuhn@gmail.com, (530) 592-8726
Pete Graham, emilee.hartmann@gmail.com, (415) 368-4421
Dr. Darrick Hoeger, clyde.altenwerth@gmail.com, (479) 931-8876
Toney Lebsack, sammie.hermann@yahoo.com, (505) 631-2969
Cinderella Schiller, voncile.rosenbaum@gmail.com, (223) 454-1940
Jay Okuneva, jasmine.gislason@yahoo.com, (448) 548-9935
Leopoldo Tillman, frankie.gleichner@hotmail.com, (762) 408-8992
Nidia Dooley, marketta.spinka@yahoo.com, (505) 689-9753
Simon Abbott, marlen.jakubowski@hotmail.com, (843) 622-9457
Rolland Ortiz IV, eduardo.bednar@hotmail.com, (815) 719-2037
Larue Koelpin, merrill.johnson@gmail.com, (505) 648-6288
Robt Conroy, arthur.ratke@yahoo.com, (505) 601-6578
Hung Bradtke, gary.bogan@hotmail.com, (469) 811-2473
Antonette Little, lakita.hoeger@gmail.com, (505) 535-7142
Mrs. Orval Leuschke, sylvester.wolff@hotmail.com, (815) 786-7245
Clair Farrell, domenic.veum@hotmail.com, (586) 337-3068
Pearl Schroeder Sr., bruce.zboncak@gmail.com, (305) 673-2601
Mr. Alla Olson, mickey.nicolas@hotmail.com, (534) 653-4289
Tom Wisoky, mana.sawayn@hotmail.com, (730) 219-5883
Alverta Fahey V, theola.luettgen@hotmail.com, (305) 478-5667
Roger Witting, alba.ritchie@yahoo.com, (505) 644-3762
Rosario Daniel, agustin.abernathy@yahoo.com, (305) 876-8954
Hassan Langosh, joyce.walter@yahoo.com, (505) 653-3305
Mr. Georgia Hansen, mai.kassulke@gmail.com, (959) 516-6347
Nida Waters MD, ranae.schultz@hotmail.com, (472) 290-9795
Scotty Shields, maynard.boehm@gmail.com, (730) 696-3375
Deon Nitzsche, casimira.gulgowski@yahoo.com, (730) 218-8488
Maxwell Streich, jenette.schmitt@yahoo.com, (505) 644-1405
Ms. Tracey Green, lelia.herzog@yahoo.com, (730) 617-1708
Miss Adolfo Heathcote, luther.mosciski@yahoo.com, (802) 362-6002
Willy Kozey, so.macejkovic@gmail.com, (419) 647-6670
Bud Botsford MD, burt.hintz@gmail.com, (472) 404-9051
Gilberto Lueilwitz, randee.spencer@gmail.com, (305) 320-4672
Ahmad Morissette Sr., berniece.schaden@gmail.com, (774) 278-0956
Drew Anderson, eli.beer@gmail.com, (730) 220-5039
Mariko Schultz Sr., sherlyn.denesik@yahoo.com, (305) 244-3303
Alishia Hodkiewicz, lonny.crooks@yahoo.com, (305) 203-9200
Rick Bradtke, carole.batz@yahoo.com, (505) 618-2322
Brendon Wunsch, carlene.gislason@hotmail.com, (718) 992-3098
Zenia Haley, jorge.kertzmann@yahoo.com, (815) 702-1587
Mr. Jamal Rosenbaum, keith.koch@hotmail.com, (520) 449-8049
